right_shoulder_x,right_shoulder_y,right_elbow_x,right_elbow_y,right_wrist_x,right_wrist_y,right_hip_x,right_hip_y,right_knee_x,right_knee_y,right_ankle_x,right_ankle_y,right_heel_x,right_heel_y,right_foot_index_x,right_foot_index_y,left_shoulder_x,left_shoulder_y,left_elbow_x,left_elbow_y,left_wrist_x,left_wrist_y,left_hip_x,left_hip_y,left_knee_x,left_knee_y,left_ankle_x,left_ankle_y,left_heel_x,left_heel_y,left_foot_index_x,left_foot_index_y
0.4337036922111992,0.31923241901767346,0.4303889139447101,0.43891029094540795,0.42872866726352876,0.541531299281798,0.44852645054113033,0.5377809416108045,0.45172314887784554,0.6863153368927711,0.4618739620048447,0.8395298468358141,0.46485963122418644,0.8629704227127154,0.4563495181019608,0.881005537140277,0.4809900785408895,0.30915326519221914,0.4912109585233437,0.43129198010577713,0.490037024983756,0.5399826179795179,0.47589018074579015,0.5356601327272656,0.47952805961980377,0.6858499028577977,0.4769925177674885,0.8386919452238453,0.4747765588667966,0.8613402549302547,0.4798771533200599,0.8795771634239867
